id,nameCol,nameAlt,frac_1,frac_2,frac_3,frac_4,frac_5,frac_6,frac_7,frac_8
nta,Greenpoint,BK0101,0.10282272100448608,0.02364414930343628,0.004990999586880207,0.0010117285419255495,0.36960434913635254,0.14033010601997375,0.35759595036506653,0
nta,Williamsburg,BK0102,0.13176694512367249,0.032233767211437225,0.008143645711243153,0.0013133779866620898,0.3425239622592926,0.1697373390197754,0.30931922793388367,0.004961702972650528
nta,South Williamsburg,BK0103,0.1841929703950882,0.02550184726715088,7.91838567238301e-4,0,0.3442446291446686,0.17954587936401367,0.2581981122493744,0.007524710148572922
nta,East Williamsburg,BK0104,0.09388302266597748,0.022516755387187004,0.0037982312496751547,8.577198605053127e-4,0.3323962092399597,0.1608109474182129,0.38224440813064575,0.003492722287774086
nta,Brooklyn Heights,BK0201,0.2416965216398239,0.028313089162111282,0.004613425582647324,0.002169323619455099,0.3790263235569,0.1250281035900116,0.21915319561958313,0
nta,Downtown Brooklyn-DUMBO-Boerum Hill,BK0202,0.18049116432666779,0.03519575670361519,8.17724852822721e-4,0.001097504748031497,0.33987465500831604,0.19645173847675323,0.24607086181640625,6.531432745759957e-7
nta,Fort Greene,BK0203,0.2664027512073517,0.050271712243556976,0.005682081449776888,0,0.2883235812187195,0.14383932948112488,0.24548056721687317,0
nta,Clinton Hill,BK0204,0.2688433527946472,0.034372199326753616,5.8902027376461774e-5,0,0.3119540512561798,0.1374984234571457,0.2472730576992035,0
nta,Brooklyn Navy Yard,BK0261,0.07853256911039352,0.034736908972263336,0.01854546181857586,0.009104665368795395,0.21464183926582336,0.17611193656921387,0.468326598405838,0
nta,Bedford-Stuyvesant (West),BK0301,0.20619183778762817,0.025776609778404236,0.00115686166100204,0,0.33608415722846985,0.13459831476211548,0.29604944586753845,1.4272195403464139e-4
nta,Bedford-Stuyvesant (East),BK0302,0.23367469012737274,0.03694244846701622,1.1867407738463953e-4,0,0.31136319041252136,0.12554019689559937,0.2876005172729492,0.00476026302203536
nta,Bushwick (West),BK0401,0.11747848987579346,0.024090299382805824,9.174288716167212e-4,0,0.39093631505966187,0.14091552793979645,0.31236574053764343,0.013296181336045265
nta,Bushwick (East),BK0402,0.18455205857753754,0.03478162735700607,0.0013231605989858508,0,0.339895099401474,0.1206262931227684,0.3034888505935669,0.01533289160579443
nta,The Evergreens Cemetery,BK0471,0.33970338106155396,0.5519357323646545,0.016365598887205124,0,0.007751733995974064,0.05276564881205559,0.031442951411008835,3.489006485324353e-5
nta,Cypress Hills,BK0501,0.1768370270729065,0.03590448573231697,9.991055121645331e-4,0,0.30952051281929016,0.12988057732582092,0.32355090975761414,0.0233074352145195
nta,East New York (North),BK0502,0.14485755562782288,0.05397889390587807,0.0019551825243979692,0,0.30391716957092285,0.16126681864261627,0.33054274320602417,0.003481602529063821
nta,East New York-New Lots,BK0503,0.14588086307048798,0.0465221032500267,0.0018756252247840166,0,0.3170812129974365,0.16651180386543274,0.3056974411010742,0.016430901363492012
nta,Spring Creek-Starrett City,BK0504,0.16494935750961304,0.24070879817008972,0.04096636176109314,0.0041546509601175785,0.1430947631597519,0.1491561084985733,0.2569699287414551,0
nta,East New York-City Line,BK0505,0.17725101113319397,0.11866186559200287,0.010972230695188046,0.003719066036865115,0.20457769930362701,0.158786341547966,0.32242801785469055,0.0036037915851920843
nta,Highland Park-Cypress Hills Cemeteries (South),BK0571,0.29874300956726074,0.508643627166748,0.009157856926321983,0,0.014129076153039932,0.06366722285747528,0.10231564939022064,0.003343516495078802
nta,Carroll Gardens-Cobble Hill-Gowanus-Red Hook,BK0601,0.13513396680355072,0.04716108366847038,0.0027750027365982533,0.013225330971181393,0.2960546612739563,0.13130831718444824,0.3694649636745453,0.004876745864748955
nta,Park Slope,BK0602,0.2641921639442444,0.030118601396679878,0,0,0.37708714604377747,0.1162167638540268,0.2116546779870987,7.306411862373352e-4
nta,Windsor Terrace-South Slope,BK0701,0.23960508406162262,0.04780981317162514,6.067544454708695e-4,0,0.2911292314529419,0.16793692111968994,0.2529121935367584,0
nta,Sunset Park (West),BK0702,0.0783192589879036,0.02655666694045067,0.0036373247858136892,0.0069305929355323315,0.330070823431015,0.17366772890090942,0.370089590549469,0.010728025808930397
nta,Sunset Park (Central),BK0703,0.17615476250648499,0.03421459347009659,2.7401791885495186e-4,0,0.3537430763244629,0.11616899818181992,0.2928047478199005,0.02663978561758995
nta,Green-Wood Cemetery,BK0771,0.3644806742668152,0.5214796662330627,2.6610633358359337e-4,0.010386226698756218,0.003210620488971472,0.07486898452043533,0.025307707488536835,0
nta,Prospect Heights,BK0801,0.20833295583724976,0.02670237421989441,0,0,0.34242406487464905,0.1404111534357071,0.269308865070343,0.012820625677704811
nta,Crown Heights (North),BK0802,0.19694462418556213,0.03194986656308174,7.6119793811813e-4,0,0.3447638750076294,0.1341792196035385,0.2829759418964386,0.00842529721558094
nta,Lincoln Terrace Park,BK0891,0.5693594813346863,0.12735523283481598,0.03174406290054321,0,7.335669943131506e-4,0.08845482021570206,0.16749727725982666,0.014855564571917057
nta,Crown Heights (South),BK0901,0.17361900210380554,0.029757685959339142,5.800158833153546e-4,0,0.36353084444999695,0.14117828011512756,0.2908760905265808,4.5809359289705753e-4
nta,Prospect Lefferts Gardens-Wingate,BK0902,0.17812976241111755,0.04980552941560745,0.0016211733454838395,0,0.33030951023101807,0.137912318110466,0.2984733283519745,0.00374837638810277
nta,Bay Ridge,BK1001,0.22100761532783508,0.07265369594097137,0.002888512797653675,9.877157863229513e-4,0.2732473611831665,0.16343002021312714,0.26542362570762634,3.6147949867881835e-4
nta,Dyker Heights,BK1002,0.13972067832946777,0.04295549914240837,2.8208360890857875e-4,0,0.32657504081726074,0.14745482802391052,0.3426576554775238,3.5424449015408754e-4
nta,Fort Hamilton,BK1061,0.17046889662742615,0.28193914890289307,0.0032925729174166918,3.7190991406532703e-6,0.1129273772239685,0.19520850479602814,0.23615983128547668,0
nta,Dyker Beach Park,BK1091,0.32597509026527405,0.522160530090332,0.02208995632827282,0.0035614564549177885,0.002875729463994503,0.038290563970804214,0.0850466713309288,0
nta,Bensonhurst,BK1101,0.11755134165287018,0.025924308225512505,7.541412196587771e-5,0,0.36408400535583496,0.13589073717594147,0.34246206283569336,0.014012083411216736
nta,Bath Beach,BK1102,0.13613435626029968,0.08285584300756454,0.007001778576523066,8.989693014882505e-4,0.2702772915363312,0.17235296964645386,0.32965531945228577,8.234487613663077e-4
nta,Gravesend (West),BK1103,0.11221795529127121,0.033537358045578,0.003718158695846796,0.0012804550351575017,0.31755414605140686,0.15451081097126007,0.36360543966293335,0.013575728051364422
nta,Sunset Park (East)-Borough Park (West),BK1201,0.12709291279315948,0.01490831095725298,0,0,0.38866597414016724,0.13834106922149658,0.31544601917266846,0.015545645728707314
nta,Borough Park,BK1202,0.18621677160263062,0.023457540199160576,3.9684513467364013e-4,0,0.3819938898086548,0.12860476970672607,0.2672496438026428,0.012080532498657703
nta,Kensington,BK1203,0.1914023905992508,0.03725510463118553,0,0,0.3340100347995758,0.14429426193237305,0.2879723608493805,0.005065820179879665
nta,Mapleton-Midwood (West),BK1204,0.17702949047088623,0.1349671632051468,0.003876777132973075,0,0.28323233127593994,0.11790397018194199,0.2741320729255676,0.008858215995132923
nta,Gravesend (South),BK1301,0.16048894822597504,0.08017586171627045,0.0013845608336851,0.0015754638006910682,0.2117743343114853,0.13780508935451508,0.32325127720832825,0.08354449272155762
nta,Coney Island-Sea Gate,BK1302,0.0938110202550888,0.10087646543979645,0.1534891575574875,0.011960066854953766,0.14995118975639343,0.12591077387332916,0.35499730706214905,0.009004039689898491
nta,Brighton Beach,BK1303,0.09943444281816483,0.041763219982385635,0.04424188658595085,4.872711360803805e-5,0.3163103461265564,0.17653143405914307,0.30205532908439636,0.01961458846926689
nta,Calvert Vaux Park,BK1391,0.17222104966640472,0.5949980020523071,0.05833049491047859,0.010237843729555607,1.4465005369856954e-4,0.019598081707954407,0.14446985721588135,0
nta,Flatbush,BK1401,0.18618664145469666,0.0400015152990818,1.1260572500759736e-4,0,0.37159833312034607,0.1416739970445633,0.25582844018936157,0.004598436411470175
nta,Flatbush (West)-Ditmas Park-Parkville,BK1402,0.31203770637512207,0.05736837536096573,0.00058130285469815135,0,0.29589197039604187,0.10803993791341782,0.21682582795619965,0.009254835546016693
nta,Midwood,BK1403,0.23609118163585663,0.04770105704665184,0,0,0.3155025839805603,0.12372244149446487,0.26816895604133606,0.008813791908323765
nta,Gravesend (East)-Homecrest,BK1501,0.15848121047019958,0.03878405690193176,0.0011459850938990712,0,0.33041223883628845,0.14509013295173645,0.3192407190799713,0.00684572197496891
nta,Madison,BK1502,0.1883944720029831,0.05068296194076538,6.044692709110677e-4,0,0.3124683201313019,0.14561763405799866,0.2944258749485016,0.007806223351508379
nta,Sheepshead Bay-Manhattan Beach-Gerritsen Beach,BK1503,0.17294181883335114,0.07737480103969574,0.012331007979810238,0.001228506094776094,0.25115910172462463,0.15749965608119965,0.3238002359867096,0.0036649059038609266
nta,Ocean Hill,BK1601,0.15622296929359436,0.050069261342287064,1.7084696446545422e-4,0,0.2855212688446045,0.17746533453464508,0.3180612325668335,0.012489071115851402
nta,Brownsville,BK1602,0.19008196890354156,0.0667591243982315,0.0028530051931738853,0,0.2669771611690521,0.145051047205925,0.3119541108608246,0.016323640942573547
nta,East Flatbush-Erasmus,BK1701,0.13390114903450012,0.0351727120578289,0,0,0.3648749589920044,0.1557241827249527,0.3103269934654236,0
nta,East Flatbush-Farragut,BK1702,0.1607133001089096,0.05408410727977753,5.943168071098626e-4,0,0.31713229417800903,0.15009339153766632,0.3155728280544281,0.0018097511492669582
nta,East Flatbush-Rugby,BK1703,0.1458071619272232,0.03514701873064041,0,0,0.31407755613327026,0.17148955166339874,0.3321627080440521,0.0013159426162019372
nta,East Flatbush-Remsen Village,BK1704,0.13758501410484314,0.02948562242090702,4.929949645884335e-4,0,0.34171515703201294,0.18270666897296906,0.30483120679855347,0.0031833304092288017
nta,Holy Cross Cemetery,BK1771,0.38840344548225403,0.5339919328689575,2.0074543135706335e-4,0,0.004704107064753771,0.05647044628858566,0.016229331493377686,0
nta,Flatlands,BK1801,0.1910705715417862,0.051780760288238525,0.0027421973645687103,0,0.2798910140991211,0.16332826018333435,0.30930835008621216,0.0018789051100611687
nta,Marine Park-Mill Basin-Bergen Beach,BK1802,0.183078795671463,0.1086619421839714,0.0010387900983914733,0.0030006589367985725,0.24677979946136475,0.13569509983062744,0.3217448890209198,0
nta,Canarsie,BK1803,0.18557986617088318,0.09335888177156448,0.003997482359409332,0.0011039297096431255,0.24084261059761047,0.16190333664417267,0.3088570833206177,0.004356850404292345
nta,Marine Park-Plumb Island,BK1891,0.18774746358394623,0.5731142163276672,0.12202145159244537,0.011425006203353405,0.004066732246428728,0.045279208570718765,0.05634593218564987,0
nta,McGuire Fields,BK1892,0.21440260112285614,0.42817074060440063,0.17780493199825287,0.026625975966453552,0.007663592230528593,0.06388697773218155,0.08144522458314896,0
nta,Canarsie Park & Pier,BK1893,0.24545139074325562,0.5227701663970947,0.04927242547273636,0.011906291358172894,9.866273030638695e-4,0.09467190504074097,0.07494119554758072,0
nta,Prospect Park,BK5591,0.5628475546836853,0.1810699999332428,0.014876974746584892,0.07559364289045334,0.016219094395637512,0.056195877492427826,0.09308415651321411,1.1273290874669328e-4
nta,Barren Island-Floyd Bennett Field,BK5691,0.19903792440891266,0.4545343816280365,0.021656792610883713,0.008829403668642044,0.017352359369397163,0.19429494440555573,0.10429414361715317,0
nta,Jamaica Bay (West),BK5692,0.058522868901491165,0.5334140062332153,0.08187291771173477,0.3259485960006714,0,2.0719942403957248e-4,3.44375403074082e-5,0
nta,Shirley Chisholm State Park,BK5693,0.01872221939265728,0.8404375910758972,0.028113815933465958,0.019889911636710167,3.45877546351403e-4,0.06941161304712296,0.023078972473740578,0
nta,Mott Haven-Port Morris,BX0101,0.13494233787059784,0.05309417098760605,0.015910672023892403,0.002299779560416937,0.27257609367370605,0.1911238133907318,0.2965487241744995,0.033504415303468704
nta,Melrose,BX0102,0.17963528633117676,0.05392404645681381,0.0017300185281783342,0,0.29744675755500793,0.16704529523849487,0.2906615734100342,0.00955696776509285
nta,Hunts Point,BX0201,0.05290892720222473,0.048387255519628525,0.014023421332240105,0.01648668199777603,0.26521724462509155,0.18712468445301056,0.3781943917274475,0.03765738010406494
nta,Longwood,BX0202,0.14288519322872162,0.050902437418699265,0.002991052810102701,0,0.32119035720825195,0.17984339594841003,0.29060158133506775,0.011585995554924011
nta,North & South Brother Islands,BX0291,0.6785666346549988,0.1200362965464592,0.11047250777482986,0.04432609677314758,0.028484733775258064,0,0.018113719299435616,0
nta,Morrisania,BX0301,0.19622303545475006,0.06227925792336464,0.002277936087921262,0,0.28501129150390625,0.16541460156440735,0.2887938320636749,0
nta,Claremont Village-Claremont (East),BX0302,0.17806698381900787,0.0405675508081913,0,0,0.27479544281959534,0.19050030410289764,0.2882663309574127,0.027803368866443634
nta,Crotona Park East,BX0303,0.13067655265331268,0.07639394700527191,0,0.02462628297507763,0.2602958083152771,0.17708121240139008,0.29508107900619507,0.03584512323141098
nta,Crotona Park,BX0391,0.4300871193408966,0.3474194407463074,0.02078060805797577,0.016718890517950058,0.00661860266700387,0.046177759766578674,0.13219760358333588,0
nta,Concourse-Concourse Village,BX0401,0.12023515999317169,0.03326524421572685,0.005456164479255676,0.007132573053240776,0.3123418390750885,0.18645469844341278,0.3080349564552307,0.027079330757260323
nta,Highbridge,BX0402,0.21357446908950806,0.05191624164581299,9.832672076299787e-4,7.59641348849982e-4,0.22631338238716125,0.20212112367153168,0.2474438101053238,0.05688806623220444
nta,Mount Eden-Claremont (West),BX0403,0.13018356263637543,0.029895586892962456,0.001328866695985198,0,0.35020026564598083,0.19944989681243896,0.2790803611278534,0.00986145157366991
nta,Yankee Stadium-Macombs Dam Park,BX0491,0.15090370178222656,0.23452353477478027,0.026843123137950897,0,0.16939476132392883,0.0884573757648468,0.3028697073459625,0.027007760480046272
nta,Claremont Park,BX0492,0.6326988935470581,0.22832617163658142,0.004390965215861797,0,0.0029704063199460506,0.03956727683544159,0.0920463427901268,0
nta,University Heights (South)-Morris Heights,BX0501,0.19158723950386047,0.06764964759349823,0.002281423658132553,1.6885316290427e-4,0.25920915603637695,0.18102586269378662,0.2777691185474396,0.020308729261159897
nta,Mount Hope,BX0502,0.11924561113119125,0.01974293403327465,0,0,0.33988332748413086,0.21177296340465546,0.3024338483810425,0.006921232212334871
nta,Fordham Heights,BX0503,0.09421629458665848,0.01156246941536665,0,0,0.4026232659816742,0.19477279484272003,0.2850078046321869,0.01181737706065178
nta,West Farms,BX0601,0.15719643235206604,0.07328908145427704,8.383534732274711e-4,0.004836187697947025,0.21071980893611908,0.1889941543340683,0.2864837050437927,0.07764223963022232
nta,Tremont,BX0602,0.14224964380264282,0.07149679958820343,0.002183831064030528,0,0.28628814220428467,0.1891789734363556,0.29586511850357056,0.012737507000565529
nta,Belmont,BX0603,0.16896598041057587,0.05398845300078392,0.0010205580620095134,0,0.29047468304634094,0.16698971390724182,0.3033091425895691,0.015251475386321545
nta,University Heights (North)-Fordham,BX0701,0.1967732459306717,0.059920016676187515,0.0014470798196271062,5.854589981026947e-4,0.25809037685394287,0.18214131891727448,0.27122801542282104,0.029814496636390686
nta,Bedford Park,BX0702,0.1451568305492401,0.0651904046535492,0.005945689044892788,0.16136856377124786,0.2291315495967865,0.12880714237689972,0.22990578413009644,0.03449400141835213
nta,Norwood,BX0703,0.2336781620979309,0.061792612075805664,0.0020991892088204622,0,0.2929326295852661,0.15225520730018616,0.24224798381328583,0.014994194731116295
nta,Kingsbridge Heights-Van Cortlandt Village,BX0801,0.25115522742271423,0.050307780504226685,7.973307510837913e-4,0,0.2760523557662964,0.16907894611358643,0.25260838866233826,0
nta,Kingsbridge-Marble Hill,BX0802,0.19273823499679565,0.051815424114465714,0.002770018996670842,4.676264070440084e-4,0.26901113986968994,0.1346595287322998,0.3023788630962372,0.046159129589796066
nta,Riverdale-Spuyten Duyvil,BX0803,0.4858238399028778,0.12158937752246857,0.0068794675171375275,0.0011518481187522411,0.13315832614898682,0.0895908772945404,0.14470446109771729,0.017101777717471123
nta,Soundview-Bruckner-Bronx River,BX0901,0.171582892537117,0.08118298649787903,0.0036373028997331858,0.010831805877387524,0.26090046763420105,0.17134647071361542,0.2890172302722931,0.011500869877636433
nta,Soundview-Clason Point,BX0902,0.2339310199022293,0.14548486471176147,0.016951872035861015,0.01108824647963047,0.17114116251468658,0.1647980511188507,0.25660479068756104,0
nta,Castle Hill-Unionport,BX0903,0.1395195722579956,0.0929211899638176,0.00677800178527832,0.004876214079558849,0.22404883801937103,0.19150912761688232,0.33768996596336365,0.0026570549234747887
nta,Parkchester,BX0904,0.2762092053890228,0.06758486479520798,0.0011492123594507575,0,0.2797950804233551,0.14255481958389282,0.22668439149856567,0.006022382993251085
nta,Soundview Park,BX0991,0.35306036472320557,0.3886512815952301,0.06036548689007759,0.03624948114156723,8.786445832811296e-4,0.04506682604551315,0.11572792381048203,0
nta,Westchester Square,BX1001,0.10230306535959244,0.052092295140028,0.003917045891284943,0.0016380449524149299,0.31056228280067444,0.17469464242458344,0.33792516589164734,0.016867492347955704
nta,Throgs Neck-Schuylerville,BX1002,0.18474382162094116,0.16846445202827454,0.012326659634709358,0.014015230350196362,0.1732044667005539,0.17947866022586823,0.2677578628063202,8.841004273563158e-6
nta,Pelham Bay-Country Club-City Island,BX1003,0.18293708562850952,0.12884706258773804,0.012677677907049656,0.014603267423808575,0.20742887258529663,0.1312866359949112,0.31749585270881653,0.004723533522337675
nta,Co-op City,BX1004,0.17307120561599731,0.17641054093837738,0.007812535390257835,0.10018536448478699,0.14130477607250214,0.1513148844242096,0.24706144630908966,0.0028392074164003134
nta,Hart Island,BX1071,0.25636255741119385,0.4802733063697815,0.1612006276845932,0.022301651537418365,0.01584945246577263,0.038548845797777176,0.025463484227657318,0
nta,Ferry Point Park-St. Raymond Cemetery,BX1091,0.11578087508678436,0.6464804410934448,0.011653151363134384,0.02016059309244156,0.008747394196689129,0.09751533716917038,0.099662184715271,0
nta,Pelham Parkway-Van Nest,BX1101,0.15027238428592682,0.046247053891420364,1.2709811562672257e-4,0,0.2958790361881256,0.15849442780017853,0.3096340000629425,0.03934604674577713
nta,Morris Park,BX1102,0.21884821355342865,0.10950710624456406,2.870218304451555e-4,0,0.22695311903953552,0.14484764635562897,0.28498587012290955,0.014571025967597961
nta,Pelham Gardens,BX1103,0.21039186418056488,0.11589919030666351,3.8283149478957057e-4,0,0.21224108338356018,0.16456778347492218,0.2924809157848358,0.004036345053464174
nta,Allerton,BX1104,0.21440187096595764,0.05740102007985115,1.773983967723325e-4,0,0.262675017118454,0.1690998077392578,0.2857140898704529,0.010530781000852585
nta,Hutchinson Metro Center,BX1161,0.14990171790122986,0.19853325188159943,0.007996698841452599,0,0.15519165992736816,0.12544143199920654,0.28148090839385986,0.08145434409379959
nta,Williamsbridge-Olinville,BX1201,0.2002948671579361,0.08186382055282593,0.0027514887042343616,0.0024825006257742643,0.2494097501039505,0.15742117166519165,0.2858186960220337,0.01995764672756195
nta,Eastchester-Edenwald-Baychester,BX1202,0.23915299773216248,0.11852122098207474,0.0025031985715031624,0.008320467546582222,0.1880742758512497,0.16342435777187347,0.2736899256706238,0.006313602440059185
nta,Wakefield-Woodlawn,BX1203,0.19649425148963928,0.08775404840707779,9.049691143445671e-4,0.0012923924950882792,0.24952366948127747,0.13889066874980927,0.2884555160999298,0.03668446093797684
nta,Woodlawn Cemetery,BX1271,0.425925076007843,0.4483940601348877,2.963595907203853e-4,0.005360023118555546,0.006890084594488144,0.08867836743593216,0.024455949664115906,0
nta,Van Cortlandt Park,BX2691,0.659611165523529,0.21939721703529358,0.005257807672023773,0.014543196186423302,0.0033235230948776007,0.04971740394830704,0.047372546046972275,7.771155796945095e-4
nta,Bronx Park,BX2791,0.6028082370758057,0.15949837863445282,0.010383719578385353,0.02523106336593628,0.024964388459920883,0.08310884237289429,0.08803495019674301,0.005970443598926067
nta,Pelham Bay Park,BX2891,0.4204401969909668,0.34487730264663696,0.03966040164232254,0.08389974385499954,0.002535490784794092,0.040892358869314194,0.05991314351558685,0.007781330496072769
nta,Financial District-Battery Park City,MN0101,0.11309435218572617,0.03334011882543564,1.591152249602601e-5,0.0047383420169353485,0.36812612414360046,0.19874610006809235,0.2819390892982483,0
nta,Tribeca-Civic Center,MN0102,0.09371360391378403,0.019238900393247604,0,0.0012973560951650143,0.421450674533844,0.23305495083332062,0.23124448955059052,0
nta,The Battery-Governors Island-Ellis Island-Liberty Island,MN0191,0.2059377133846283,0.25596481561660767,0.05494349077343941,0.005145917646586895,0.15955998003482819,0.06653209030628204,0.25191596150398254,0
nta,SoHo-Little Italy-Hudson Square,MN0201,0.06931494176387787,0.01087177637964487,0,0.009409703314304352,0.49306994676589966,0.20639494061470032,0.2109387218952179,0
nta,Greenwich Village,MN0202,0.1703065037727356,0.02066723257303238,0.0037668554577976465,0,0.45454084873199463,0.16436024010181427,0.18635836243629456,0
nta,West Village,MN0203,0.17486751079559326,0.01831648498773575,0,0.008991347625851631,0.40875688195228577,0.17545612156391144,0.21361160278320312,0
nta,Chinatown-Two Bridges,MN0301,0.18499872088432312,0.02735380455851555,0.0025074563454836607,0.0013399992603808641,0.296770840883255,0.23318599164485931,0.25384321808815,0
nta,Lower East Side,MN0302,0.24302677810192108,0.04907232150435448,0.0029510220047086477,4.3261624523438513e-4,0.2467758059501648,0.20319901406764984,0.2531398832798004,0.001402546069584787
nta,East Village,MN0303,0.22089281678199768,0.03803272172808647,0.001845814287662506,0.001731181750074029,0.34755098819732666,0.15567639470100403,0.2342700958251953,0
nta,Chelsea-Hudson Yards,MN0401,0.10592923313379288,0.03049606643617153,2.4292169200634817e-6,0.0010236824164167047,0.41485893726348877,0.19017450511455536,0.24091510474681854,0.01660003326833248
nta,Hell's Kitchen,MN0402,0.10277211666107178,0.011576075106859207,8.296009355035494e-7,0.0010510782012715936,0.46348851919174194,0.1975822001695633,0.2220190018415451,0.0015102000907063484
nta,Midtown South-Flatiron-Union Square,MN0501,0.05326332151889801,0.00814914982765913,0.0021421336568892,0,0.5280484557151794,0.19539184868335724,0.21300509572029114,0
nta,Midtown-Times Square,MN0502,0.03251185268163681,0.006637552287429571,0,0,0.5489756464958191,0.20930030941963196,0.20257462561130524,0
nta,Stuyvesant Town-Peter Cooper Village,MN0601,0.37841227650642395,0.04999871924519539,0.002889751922339201,0.0017702168552204967,0.20250199735164642,0.15532098710536957,0.20910602807998657,0
nta,Gramercy,MN0602,0.15204019844532013,0.010910565964877605,0,0,0.46060287952423096,0.18320852518081665,0.19323782622814178,0
nta,Murray Hill-Kips Bay,MN0603,0.1451277732849121,0.026420993730425835,0.003076233435422182,9.863076265901327e-4,0.3919961750507355,0.21658745408058167,0.21580509841442108,0
nta,East Midtown-Turtle Bay,MN0604,0.1177535131573677,0.008472851477563381,0,3.0823389533907175e-4,0.4788839817047119,0.2005135864019394,0.19406786561012268,0
nta,United Nations,MN0661,0.1402665376663208,0.0792384147644043,0,0.008211973123252392,0.2458457499742508,0.12472793459892273,0.4017094373703003,0
nta,Upper West Side-Lincoln Square,MN0701,0.1594717651605606,0.04930173233151436,0.0011541713029146194,6.666569388471544e-4,0.3820228576660156,0.18049374222755432,0.22688816487789154,9.020470770337852e-7
nta,Upper West Side (Central),MN0702,0.2704135775566101,0.03511583432555199,0.0015037960838526487,2.134142559953034e-4,0.35086363554000854,0.1511409878730774,0.19074876606464386,0
nta,Upper West Side-Manhattan Valley,MN0703,0.3000180721282959,0.040256425738334656,3.6029043258167803e-4,5.298277828842402e-4,0.2846953868865967,0.1505928784608841,0.22354717552661896,0
nta,Upper East Side-Lenox Hill-Roosevelt Island,MN0801,0.18359045684337616,0.055753663182258606,0.016025526449084282,0.0028213385958224535,0.35532596707344055,0.16062074899673462,0.2258622646331787,0
nta,Upper East Side-Carnegie Hill,MN0802,0.16958735883235931,0.008998221717774868,0,0,0.4653853178024292,0.17526845633983612,0.1807606816291809,0
nta,Upper East Side-Yorkville,MN0803,0.21914519369602203,0.017739679664373398,0,0.0014120617415755987,0.39866873621940613,0.16317014396190643,0.1998641937971115,0
nta,Morningside Heights,MN0901,0.34493517875671387,0.06463085114955902,0.0035914184991270304,0.0012335852952674031,0.23182223737239838,0.14534930884838104,0.20204265415668488,0.006394753232598305
nta,Manhattanville-West Harlem,MN0902,0.20302164554595947,0.05626700818538666,8.689017849974334e-4,7.390488754026592e-4,0.266907662153244,0.1669323891401291,0.29092442989349365,0.014338953420519829
nta,Hamilton Heights-Sugar Hill,MN0903,0.25012657046318054,0.05683068186044693,0.0038488353602588177,6.980114267207682e-4,0.27823129296302795,0.163956880569458,0.23563703894615173,0.010670649819076061
nta,Harlem (South),MN1001,0.17539148032665253,0.02061888575553894,3.247173735871911e-4,0,0.39062246680259705,0.17482703924179077,0.2382154017686844,0
nta,Harlem (North),MN1002,0.22045913338661194,0.03249427676200867,0.003148627933114767,4.087055567651987e-4,0.30990055203437805,0.17041361331939697,0.2627381384372711,4.369369999039918e-4
nta,East Harlem (South),MN1101,0.22658555209636688,0.03961462154984474,0.0018843122525140643,1.717197592370212e-4,0.29516252875328064,0.17941202223300934,0.24331916868686676,0.013850081712007523
nta,East Harlem (North),MN1102,0.22615905106067657,0.04833091422915459,0.003779685590416193,3.4255851642228663e-4,0.2556162476539612,0.19517187774181366,0.25688600540161133,0.013713659718632698
nta,Randall's Island,MN1191,0.11823193728923798,0.30615100264549255,0.05123972147703171,0.0024974928237497807,0.07261274009943008,0.1580365002155304,0.27574437856674194,0.015486233867704868
nta,Washington Heights (South),MN1201,0.19958189129829407,0.0362800769507885,0.002460902789607644,2.496393281035125e-4,0.31213653087615967,0.208018496632576,0.2339315116405487,0.007340976037085056
nta,Washington Heights (North),MN1202,0.2963428497314453,0.04385237768292427,0.004981865640729666,3.02748114336282e-4,0.2643623352050781,0.17366990447044373,0.20856641232967377,0.007921486161649227
nta,Inwood,MN1203,0.15665121376514435,0.026512742042541504,0.0010948957642540336,0.003047415055334568,0.3121509850025177,0.13890548050403595,0.300613671541214,0.0610235333442688
nta,Highbridge Park,MN1291,0.6236427426338196,0.09424909949302673,0.002933730371296406,9.094569250009954e-4,0.004348375368863344,0.15622583031654358,0.11726977676153183,4.209928447380662e-4
nta,Inwood Hill Park,MN1292,0.6699913740158081,0.11183112114667892,0.01925808936357498,0.0017667552456259727,0.01788513734936714,0.04171432927250862,0.12046340852975845,0.017089717090129852
nta,Central Park,MN6491,0.506501317024231,0.18330128490924835,0.018710339441895485,0.14554961025714874,0.018123401328921318,0.05103875324130058,0.07677532732486725,0
nta,Astoria (North)-Ditmars-Steinway,QN0101,0.141391783952713,0.08564937859773636,0.0023114834912121296,0.003833440598100424,0.23583638668060303,0.15862488746643066,0.36500784754753113,0.00734479958191514
nta,Old Astoria-Hallets Point,QN0102,0.1714455485343933,0.060833171010017395,0.0041076489724218845,0.0018101704772561789,0.28351202607154846,0.12963338196277618,0.3486580550670624,0
nta,Astoria (Central),QN0103,0.12235035747289658,0.02561837062239647,0,0,0.3904553949832916,0.12949585914611816,0.3204353451728821,0.011644646525382996
nta,Astoria (East)-Woodside (North),QN0104,0.15102887153625488,0.042146217077970505,0,0,0.3340917229652405,0.16412582993507385,0.2947057783603668,0.013901629485189915
nta,Queensbridge-Ravenswood-Dutch Kills,QN0105,0.17170192301273346,0.04574400186538696,0.001675417646765709,0.0018441686406731606,0.31622228026390076,0.14080873131752014,0.3150274157524109,0.006976062431931496
nta,Rikers Island,QN0151,0.03063553385436535,0.3073664605617523,0.026179423555731773,0.01852313056588173,0.18843667209148407,0.11900213360786438,0.30985668301582336,0
nta,Sunnyside Yards (North),QN0161,0.0319177620112896,0.012201156467199326,0.014353645034134388,0,0.3015546500682831,0.12732824683189392,0.46957725286483765,0.04306728020310402
nta,St. Michael's Cemetery,QN0171,0.21516889333724976,0.45877182483673096,0,0,0.11983785033226013,0.09016759693622589,0.11605388671159744,0
nta,Astoria Park,QN0191,0.4882200062274933,0.1671864241361618,0.008620726875960827,0.0312054306268692,0.007263410836458206,0.09999442845582962,0.17992153763771057,0.0175880528986454
nta,Long Island City-Hunters Point,QN0201,0.05482110381126404,0.026940809562802315,0.020435960963368416,0.006117203738540411,0.33777180314064026,0.182242289185524,0.33873647451400757,0.03293436020612717
nta,Sunnyside,QN0202,0.11881698668003082,0.12394027411937714,0.0031833527609705925,2.299529587617144e-4,0.304900586605072,0.1727280467748642,0.2639216184616089,0.012279159389436245
nta,Woodside,QN0203,0.15481455624103546,0.037892166525125504,0.0010680909035727382,0,0.29452407360076904,0.1841866672039032,0.2976290285587311,0.029885411262512207
nta,Sunnyside Yards (South),QN0261,0.020631223917007446,0.012202326208353043,0,0,0.06878732144832611,0.0733485072851181,0.5553786754608154,0.26965194940567017
nta,Calvary & Mount Zion Cemeteries,QN0271,0.08568227291107178,0.7361639142036438,9.151098201982677e-4,0,0.018970225006341934,0.09894596040248871,0.05932248383760452,0
nta,Jackson Heights,QN0301,0.19851844012737274,0.0511605404317379,8.087123278528452e-4,0,0.32479730248451233,0.14367623627185822,0.27664345502853394,0.00439531821757555
nta,East Elmhurst,QN0302,0.16613736748695374,0.08927211165428162,0.003383500734344125,0,0.22141772508621216,0.2057119905948639,0.3140772879123688,0
nta,North Corona,QN0303,0.14642490446567535,0.03578256443142891,0.0017707730876281857,0,0.327421635389328,0.14324602484703064,0.3370091915130615,0.00834490917623043
nta,Elmhurst,QN0401,0.15842045843601227,0.04383375495672226,0.0016812292160466313,0,0.3203604221343994,0.15729649364948273,0.30108845233917236,0.017319194972515106
nta,Corona,QN0402,0.12635186314582825,0.03336271271109581,6.597317405976355e-4,0,0.31903254985809326,0.15795964002609253,0.3514966666698456,0.011136895976960659
nta,Maspeth,QN0501,0.10945814102888107,0.04447319731116295,0.009874810464680195,5.756703321821988e-4,0.32607874274253845,0.1492251753807068,0.35090816020965576,0.009406126104295254
nta,Ridgewood,QN0502,0.1610107421875,0.04747777432203293,0.0014690426178276539,0,0.3673953711986542,0.11560267210006714,0.27753204107284546,0.02951236441731453
nta,Glendale,QN0503,0.1882641613483429,0.04200628399848938,5.323457880876958e-4,0,0.3277926445007324,0.12752433121204376,0.3093564212322235,0.004523786716163158
nta,Middle Village,QN0504,0.1862635761499405,0.09502018243074417,0.003526880405843258,0,0.24771814048290253,0.1576852798461914,0.30540773272514343,0.004378209356218576
nta,Mount Olivet & All Faiths Cemeteries,QN0571,0.25610846281051636,0.6201038956642151,0.003050748258829117,0,0.005385233089327812,0.08700239658355713,0.026170536875724792,0.0021787311416119337
nta,Middle Village Cemetery,QN0572,0.21316346526145935,0.6719218492507935,0.005019634962081909,0,0.0024943228345364332,0.07715022563934326,0.018978172913193703,0.011272352188825607
nta,St. John Cemetery,QN0573,0.28727391362190247,0.5637241005897522,0.005732948891818523,0,0.01759451813995838,0.09580522030591965,0.02986934781074524,0
nta,Highland Park-Cypress Hills Cemeteries (North),QN0574,0.3052334487438202,0.550477147102356,0.004317279905080795,0.006923222448676825,0.0033413986675441265,0.07091780751943588,0.0587897002696991,0
nta,Rego Park,QN0601,0.20502600073814392,0.07458426803350449,1.148620794992894e-4,0,0.26749077439308167,0.18636192381381989,0.2518268823623657,0.014595355838537216
nta,Forest Hills,QN0602,0.26592278480529785,0.09087427705526352,3.6803499097004533e-4,0,0.2566959261894226,0.14219173789024353,0.23403823375701904,0.0099090076982975
nta,College Point,QN0701,0.15196819603443146,0.15744855999946594,0.01518396195024252,0.0190416406840086,0.19995088875293732,0.1165192648768425,0.33988749980926514,0
nta,Whitestone-Beechhurst,QN0702,0.20324896275997162,0.17939624190330505,0.01135056558996439,0.003446473740041256,0.1979234367609024,0.13371726870536804,0.2709170877933502,0
nta,Bay Terrace-Clearview,QN0703,0.2432042509317398,0.23990225791931152,0.004065325483679771,0.0022963411174714565,0.15667074918746948,0.13333292305469513,0.22052811086177826,0
nta,Murray Hill-Broadway Flushing,QN0704,0.23664695024490356,0.1433739811182022,6.82571844663471e-4,0.0010640729451552033,0.22597692906856537,0.13394251465797424,0.2545754015445709,0.003737516002729535
nta,East Flushing,QN0705,0.2133527249097824,0.16926778852939606,0.001201825332827866,0,0.21848155558109283,0.12150656431913376,0.27618956565856934,0
nta,Queensboro Hill,QN0706,0.20917098224163055,0.19616319239139557,0.002519540721550584,0,0.17827369272708893,0.1635248214006424,0.2503477931022644,0
nta,Flushing-Willets Point,QN0707,0.1262872964143753,0.06064019352197647,0.0037841000594198704,0.024766718968749046,0.2885287404060364,0.16183139383792877,0.3287351429462433,0.005426360294222832
nta,Fort Totten,QN0761,0.2571101188659668,0.3504908084869385,0.011987605132162571,0.04312429949641228,0.06653089821338654,0.07508715987205505,0.19566914439201355,0
nta,Kissena Park,QN0791,0.4550888240337372,0.4295251965522766,0.01659226045012474,0.030667489394545555,7.374630658887327e-4,0.024058135226368904,0.04333065077662468,0
nta,Kew Gardens Hills,QN0801,0.24868068099021912,0.15548008680343628,0.0018682524096220732,0,0.22975729405879974,0.12944090366363525,0.23477274179458618,0
nta,Pomonok-Electchester-Hillcrest,QN0802,0.24544911086559296,0.12684428691864014,6.614367594011128e-4,0,0.2107313871383667,0.13109256327152252,0.2852211892604828,0
nta,Fresh Meadows-Utopia,QN0803,0.30660825967788696,0.15339963138103485,3.6564681795425713e-4,0,0.18426162004470825,0.13151851296424866,0.22384630143642426,0
nta,Jamaica Estates-Holliswood,QN0804,0.3708764314651489,0.1592702865600586,4.280708380974829e-4,0,0.1622314304113388,0.1222052127122879,0.18498851358890533,0
nta,Jamaica Hills-Briarwood,QN0805,0.22298678755760193,0.09188076108694077,9.263918618671596e-4,0.002025273395702243,0.2258022129535675,0.16109220683574677,0.2952863872051239,0
nta,Mount Hebron & Cedar Grove Cemeteries,QN0871,0.16261956095695496,0.6938039660453796,0,0,0.0016663208371028304,0.08079246431589127,0.06111772730946541,0
nta,Cunningham Park,QN0891,0.6551485061645508,0.18280021846294403,0.015629665926098824,5.190135561861098e-5,0.001624032505787909,0.09322647005319595,0.05151921510696411,0
nta,Kew Gardens,QN0901,0.31890007853507996,0.13708864152431488,0.005149384029209614,5.017536459490657e-4,0.186353862285614,0.13658498227596283,0.2029198706150055,0.01250140368938446
nta,Richmond Hill,QN0902,0.1644994467496872,0.05415317788720131,8.037747466005385e-5,0,0.2848440408706665,0.12393033504486084,0.3244282007217407,0.0480644553899765
nta,South Richmond Hill,QN0903,0.1312611699104309,0.04079458862543106,0.0014539154944941401,0,0.30023571848869324,0.15254777669906616,0.3737068176269531,0
nta,Ozone Park (North),QN0904,0.1385703980922699,0.034206658601760864,0,0,0.30276015400886536,0.16080079972743988,0.3571455180644989,0.0065164403058588505
nta,Woodhaven,QN0905,0.2030058056116104,0.043204374611377716,0,0,0.3086645007133484,0.12581008672714233,0.3115728795528412,0.0077424016781151295
nta,South Ozone Park,QN1001,0.14564423263072968,0.0971161350607872,4.967625136487186e-4,6.331779877655208e-4,0.22741420567035675,0.15130843222141266,0.373807817697525,0.0035792221315205097
nta,Ozone Park,QN1002,0.18203794956207275,0.10676750540733337,0.0040253582410514355,0,0.2273024320602417,0.14417074620723724,0.31739652156829834,0.018299458548426628
nta,Howard Beach-Lindenwood,QN1003,0.14192570745944977,0.18102680146694183,0.011897653341293335,0.010293315164744854,0.1777910441160202,0.16084550321102142,0.3111823797225952,0.005037631839513779
nta,Spring Creek Park,QN1091,0.11733247339725494,0.7721801996231079,0.038821473717689514,0.02366473525762558,0,0.030946550890803337,0.017054498195648193,0
nta,Auburndale,QN1101,0.22330352663993835,0.15318435430526733,0.0011282869381830096,0,0.208443284034729,0.15508252382278442,0.2568562924861908,0.0020017209462821484
nta,Bayside,QN1102,0.2789934575557709,0.1786695271730423,0.0013033540453761816,0.007526130881160498,0.18362176418304443,0.13503548502922058,0.21231377124786377,0.0025364342145621777
nta,Douglaston-Little Neck,QN1103,0.3345589339733124,0.22586657106876373,0.0030450373888015747,0.005951159633696079,0.1497032344341278,0.11363591253757477,0.164887472987175,0.0023516924120485783
nta,Oakland Gardens-Hollis Hills,QN1104,0.34758272767066956,0.17153599858283997,5.7575722166802734e-5,1.3687480304724886e-6,0.1717422604560852,0.12368934601545334,0.18539077043533325,0
nta,Alley Pond Park,QN1191,0.612561047077179,0.24353957176208496,0.004888078663498163,0.01549522951245308,0.001615693443454802,0.08295778185129166,0.03792674466967583,0.0010158802615478635
nta,Jamaica,QN1201,0.09779360145330429,0.048949066549539566,8.620348526164889e-4,0,0.30810678005218506,0.15101461112499237,0.3368510901927948,0.05642281845211983
nta,South Jamaica,QN1202,0.1928550899028778,0.11132702976465225,9.360086405649781e-4,0,0.22801263630390167,0.14753256738185883,0.3120530843734741,0.0072835637256503105
nta,Baisley Park,QN1203,0.21587710082530975,0.1359850913286209,7.748605567030609e-4,0.02412566915154457,0.19342172145843506,0.1430056393146515,0.2798592150211334,0.006950716953724623
nta,Springfield Gardens (North)-Rochdale Village,QN1204,0.2382631152868271,0.17677924036979675,0.005598737858235836,0,0.1803390085697174,0.11898133903741837,0.2740497291088104,0.0059888637624681
nta,St. Albans,QN1205,0.20427347719669342,0.17607875168323517,0.0024667801335453987,3.0471201171167195e-4,0.19788983464241028,0.1420002281665802,0.2689880132675171,0.007998171262443066
nta,Hollis,QN1206,0.18495093286037445,0.13810111582279205,0.0021096051204949617,0,0.22997121512889862,0.1439773589372635,0.2882896661758423,0.012600130401551723
nta,Glen Oaks-Floral Park-New Hyde Park,QN1301,0.2476440966129303,0.23757709562778473,0.002843766938894987,7.551660382887349e-5,0.17582064867019653,0.12132930755615234,0.2147095501422882,0
nta,Bellerose,QN1302,0.2735632359981537,0.19883254170417786,0.005672072991728783,4.921250365441665e-5,0.15797801315784454,0.14144134521484375,0.22246360778808594,0
nta,Queens Village,QN1303,0.18645678460597992,0.14090009033679962,2.3102491104509681e-4,8.685686907483614e-7,0.2133648544549942,0.15765491127967834,0.2938244938850403,0.007566977757960558
nta,Cambria Heights,QN1304,0.19228214025497437,0.19842180609703064,8.736084564588964e-4,4.798259396920912e-6,0.18465664982795715,0.16680964827537537,0.25695136189460754,0
nta,Laurelton,QN1305,0.18754728138446808,0.17329096794128418,1.044097516569309e-4,0,0.20367032289505005,0.146224245429039,0.2822594940662384,0.006903285160660744
nta,Springfield Gardens (South)-Brookville,QN1306,0.1786607801914215,0.2665822505950928,0.0034360813442617655,0.02413357049226761,0.1407500058412552,0.15891773998737335,0.22531254589557648,0.0022069981787353754
nta,Rosedale,QN1307,0.19788582623004913,0.2406778186559677,0.007477124221622944,0.04051816835999489,0.14290855824947357,0.12818454205989838,0.23857752978801727,0.0037704091519117355
nta,Montefiore Cemetery,QN1371,0.13969923555850983,0.7665664553642273,0.0057991016656160355,0,8.025782299228013e-4,0.07357187569141388,0.013560717925429344,0
nta,Far Rockaway-Bayswater,QN1401,0.1754470020532608,0.19594189524650574,0.05637948215007782,0.008397901430726051,0.18028563261032104,0.12586195766925812,0.25310057401657104,0.004585529677569866
nta,Rockaway Beach-Arverne-Edgemere,QN1402,0.06857241690158844,0.19025819003582,0.14346642792224884,0.013056810013949871,0.14266498386859894,0.1358904242515564,0.29643067717552185,0.009660051204264164
nta,Breezy Point-Belle Harbor-Rockaway Park-Broad Channel,QN1403,0.0659504309296608,0.18246133625507355,0.10086588561534882,0.04059435799717903,0.1655195951461792,0.1219060868024826,0.3179360330104828,0.004766241647303104
nta,Rockaway Community Park,QN1491,0.09152022749185562,0.7037431001663208,0.02944130077958107,0.05044412985444069,0.008684691041707993,0.04376714676618576,0.07239935547113419,0
nta,LaGuardia Airport,QN8081,0.0073784394189715385,0.12296141684055328,0.004323994740843773,0.020455339923501015,0.06094427406787872,0.395927757024765,0.3880087733268738,0
nta,Flushing Meadows-Corona Park,QN8191,0.20857524871826172,0.22405870258808136,0.01424378715455532,0.1268334984779358,0.038100630044937134,0.17761293053627014,0.19234998524188995,0.018225172534585
nta,Forest Park,QN8291,0.7796412706375122,0.1180889829993248,0.001026891521178186,0.0035140530671924353,0.003142125438898802,0.041279833763837814,0.05001896619796753,0.0032878490164875984
nta,John F. Kennedy International Airport,QN8381,0.026238979771733284,0.23968051373958588,0.030524494126439095,0.006641107611358166,0.05628686770796776,0.3169502019882202,0.3174790143966675,0.006198827177286148
nta,Jamaica Bay (East),QN8491,0.10071027278900146,0.4884011447429657,0.06609594076871872,0.3127014935016632,1.6473809955641627e-4,0.013498831540346146,0.01003488339483738,0.00839273165911436
nta,Jacob Riis Park-Fort Tilden-Breezy Point Tip,QN8492,0.11500231176614761,0.39837202429771423,0.28632473945617676,0.006900582928210497,0.009311889298260212,0.03903212025761604,0.14505629241466522,0
nta,St. George-New Brighton,SI0101,0.30219414830207825,0.12030013650655746,0.006790817249566317,0.0012048350181430578,0.20687641203403473,0.1198076456785202,0.24025307595729828,0.0025729441549628973
nta,Tompkinsville-Stapleton-Clifton-Fox Hills,SI0102,0.25337913632392883,0.13612225651741028,0.006678673438727856,0.0017077141674235463,0.18754109740257263,0.13926270604133606,0.26793116331100464,0.007377265952527523
nta,Rosebank-Shore Acres-Park Hill,SI0103,0.2042110711336136,0.1719171553850174,0.008040064945816994,0.007746097166091204,0.1627824604511261,0.161378875374794,0.2747645080089569,0.009159744717180729
nta,West New Brighton-Silver Lake-Grymes Hill,SI0104,0.375457763671875,0.19625714421272278,0.0017718919552862644,0.02539236843585968,0.13557378947734833,0.0923231765627861,0.1728692352771759,3.545559593476355e-4
nta,Westerleigh-Castleton Corners,SI0105,0.30344998836517334,0.19158810377120972,0.0024596736766397953,0.008351165801286697,0.15682177245616913,0.12983444333076477,0.2074948400259018,0
nta,Port Richmond,SI0106,0.1826869696378708,0.14088810980319977,0.006349795963615179,0.002251044847071171,0.2072485089302063,0.12573879957199097,0.33144137263298035,0.0033953737001866102
nta,Mariner's Harbor-Arlington-Graniteville,SI0107,0.22107630968093872,0.21776083111763,0.010789661668241024,0.028217436745762825,0.11728765815496445,0.10039534419775009,0.2935473918914795,0.010925420559942722
nta,Snug Harbor,SI0191,0.5097760558128357,0.2886037528514862,0.012149080634117126,0.019645212218165398,0.038366418331861496,0.05245666205883026,0.07872352004051208,2.793126623146236e-4
nta,Grasmere-Arrochar-South Beach-Dongan Hills,SI0201,0.21773138642311096,0.22422635555267334,0.03187641501426697,0.014834177680313587,0.1483757346868515,0.12810134887695312,0.23087482154369354,0.003979706205427647
nta,New Dorp-Midland Beach,SI0202,0.20757222175598145,0.2040981501340866,0.027318447828292847,0.004711557645350695,0.16888432204723358,0.12647682428359985,0.2570781111717224,0.0038603851571679115
nta,Todt Hill-Emerson Hill-Lighthouse Hill-Manor Heights,SI0203,0.5142052173614502,0.2250552922487259,0.0022037921007722616,0.01598537527024746,0.07108544558286667,0.06787702441215515,0.1035878136754036,0
nta,New Springville-Willowbrook-Bulls Head-Travis,SI0204,0.2407863438129425,0.2991817593574524,0.0439314991235733,0.061007190495729446,0.08419308811426163,0.09105157852172852,0.17737239599227905,0.002476172987371683
nta,Freshkills Park (North),SI0291,0.1518106758594513,0.5738552808761597,0.023433445021510124,0.17301899194717407,0.00341817713342607,0.051678355783224106,0.021580912172794342,0.0012041187146678567
nta,Oakwood-Richmondtown,SI0301,0.22569286823272705,0.29536059498786926,0.02622411586344242,0.00477930624037981,0.14182405173778534,0.1150873452425003,0.1874237358570099,0.003607969731092453
nta,Great Kills-Eltingville,SI0302,0.2707270085811615,0.2059316784143448,0.006320703774690628,0.004029344767332077,0.16042378544807434,0.13484932482242584,0.2150585800409317,0.002659530146047473
nta,Arden Heights-Rossville,SI0303,0.3836587071418762,0.18119250237941742,2.737250761128962e-4,0.005618446506559849,0.13312005996704102,0.12358508259057999,0.17255143821239471,0
nta,Annadale-Huguenot-Prince's Bay-Woodrow,SI0304,0.4344824254512787,0.2024143636226654,0.012113775126636028,0.017619166523218155,0.0941244587302208,0.10309307277202606,0.13347475230693817,0.0026779701001942158
nta,Tottenville-Charleston,SI0305,0.43264812231063843,0.17299482226371765,0.029116030782461166,0.009884978644549847,0.08422157168388367,0.07447202503681183,0.19442814588546753,0.002234273822978139
nta,Freshkills Park (South),SI0391,0.15143494307994843,0.5511479377746582,0.046861086040735245,0.08966252952814102,0.01086666714400053,0.0745970755815506,0.0754297599196434,0
nta,Fort Wadsworth,SI9561,0.29341036081314087,0.2968091368675232,0.05663684383034706,0.0028207204304635525,0.06406111270189285,0.14666548371315002,0.1395963877439499,0
nta,Hoffman & Swinburne Islands,SI9591,0.24853402376174927,0.45416736602783203,0.263906329870224,0.019746817648410797,0,0,0.013645446859300137,0
nta,Miller Field,SI9592,0.10455381125211716,0.5347914099693298,0.15586179494857788,0.005077773239463568,0.020259380340576172,0.03671875596046448,0.1427370309829712,0
nta,Great Kills Park,SI9593,0.22105489671230316,0.5975661873817444,0.0918370857834816,0.014567244797945023,8.186908671632409e-4,0.027388328686356544,0.04676754027605057,0
